76	349
130	230
856	508
638	68
832	290
638	580
856	137
856	874
589	719
76	768
204	474
638	271
76	645
75	907
204	1012
76	323
966	932
44	646
75	347
76	506
76	1168
638	606
637	47
1026	31
75	974
747	689
1164	89
564	984
856	1066
637	1169
426	117
856	257
856	742
75	5
564	145
856	474
76	590
954	850
1062	413
856	865
76	530
966	1047
856	186
856	403
856	440
426	70
966	457
76	1115
856	221
76	452
966	636
44	326
76	447
276	300
856	782
856	438
76	1149
76	444
1062	1032
856	536
204	997
856	490
426	917
75	468
204	934
856	501
856	122
416	353
1026	61
856	75
856	730
76	118
747	79
76	611
856	737
966	483
60	735
908	170
76	1110
856	582
76	195
856	857
856	614
856	86
783	282
344	114
747	1073
426	160
1062	117
991	923
856	517
637	331
76	646
172	304
373	262
856	248
130	166
75	1130
76	524
638	485
564	843
344	739
253	77
856	405
76	487
1026	57
856	564
416	499
638	147
754	166
426	934
720	703
865	1081
94	122
856	165
76	1164
76	84
966	699
75	1149
493	134
76	925
966	688
856	706
856	544
130	1013
966	38
76	429
75	546
76	88
790	813
76	345
564	1070
76	907
76	573
208	423
426	677
426	228
76	935
76	1111
172	732
1106	930
76	903
1106	12
76	563
76	812
966	1012
569	597
24	275
197	574
426	983
426	937
75	138
426	1073
856	256
856	669
856	356
856	1124
76	565
966	882
76	627
130	754
76	321
1063	686
394	735
76	1125
47	801
76	36
130	526
1062	305
856	294
76	2
638	484
426	995
1026	978
190	1103
1035	742
426	941
638	369
76	100
637	642
638	57
76	315
856	379
856	634
856	1076
76	215
44	57
75	1128
76	351
1026	163
638	753
638	543
426	613
60	302
856	604
856	1148
856	556
856	984
76	593
856	56
426	1047
44	713
426	339
130	428
856	240
1035	910
1136	224
416	72
426	242
76	245
76	603
75	362
856	413
856	113
75	1014
426	984
204	370
75	495
779	132
856	1113
1062	616
1164	267
426	1176
966	797
966	921
856	540
426	235
1026	420
76	845
416	305
1026	991
416	140
720	92
747	334
493	404
856	227
76	1180
856	618
426	578
856	855
856	688
1062	555
1026	926
856	247
638	656
76	363
76	930
856	1003
747	340
856	953
76	527
426	672
76	1109
44	775
856	108
426	119
856	653
75	598
966	1167
75	184
747	805
1062	407
856	242
707	312
76	329
856	300
263	871
637	765
76	745
775	646
856	47
76	961
44	986
75	571
76	455
426	340
76	1122
856	574
204	922
747	457
779	944
426	212
459	353
638	361
779	246
1131	691
759	1116
76	437
1026	776
856	1012
1041	433
856	680
76	871
564	633
76	606
856	110
856	698
1026	295
1121	643
130	508
856	578
130	1072
76	306
779	1024
426	259
710	323
76	83
301	378
856	374
426	124
747	539
638	1181
1062	838
130	1068
60	614
856	366
76	671
638	871
856	174
42	215
747	242
856	409
564	455
76	55
966	604
856	818
1102	698
747	1057
76	718
747	453
754	1064
564	585
344	604
1026	184
1164	1104
75	200
741	782
966	677
564	602
18	145
856	312
999	352
76	933
637	386
856	1176
1026	799
856	798
856	796
856	384
856	462
856	441
856	697
856	282
783	549
76	396
856	599
856	476
564	211
414	893
638	52
76	17
954	994
75	1166
76	230
75	61
856	849
76	491
426	72
856	978
1155	442
856	557
856	133
856	1059
130	716
76	715
75	926
779	421
856	1177
1062	1124
76	852
76	846
856	1019
856	828
637	603
363	974
94	1067
856	525
483	872
966	1028
76	1057
426	95
1042	228
856	100
699	397
426	564
856	33
76	928
856	917
76	912
426	987
856	850
856	712
747	45
426	149
459	142
564	894
76	57
76	499
966	785
856	846
564	153
856	836
856	881
1164	239
638	668
373	287
856	1097
754	1109
76	547
76	287
966	69
75	651
1131	252
1164	5
76	22
75	694
856	1083
76	827
856	1068
76	1172
426	785
426	505
856	843
1062	438
75	1127
76	192
865	708
856	538
856	622
856	275
76	799
744	989
856	1071
856	106
76	51
856	510
253	994
856	997
76	1053
564	967
754	91
76	66
741	656
720	1011
710	907
856	1036
856	201
76	1052
908	389
426	847
1026	590
130	144
76	1174
637	1108
426	85
856	1132
856	395
76	516
856	968
856	199
204	905
966	96
76	868
856	933
966	1073
856	689
426	843
76	390
716	1109
856	333
747	332
76	923
856	348
856	236
966	1145
856	860
779	360
779	217
204	760
856	560
856	542
76	686
76	887
487	927
856	215
1169	1111
1062	345
856	936
856	639
966	359
856	663
75	712
638	113
966	370
416	452
856	760
856	421
856	988
76	1021
76	735
638	100
76	541
811	606
856	704
426	289
856	848
76	1152
76	580
76	381
728	1092
856	573
76	533
856	1090
1062	259
130	122
426	541
856	167
856	844
856	40
720	1091
856	948
856	871
204	1160
954	958
76	350
564	70
856	219
76	1024
638	646
856	928
1026	299
416	894
638	321
966	32
856	70
610	36
76	27
76	510
76	525
779	773
707	893
856	85
856	19
856	427
856	264
720	471
856	324
76	254
856	813
76	600
76	521
75	283
76	1160
856	631
75	147
76	1045
121	596
1155	703
856	62
76	571
426	38
76	386
856	571
426	45
741	337
130	342
1026	1154
564	6
856	1007
75	1168
76	236
76	1103
76	1147
44	1004
856	330
856	1139
76	40
76	326
76	115
76	1016
76	808
76	0
856	250
638	248
564	629
130	374
779	157
167	27
204	457
856	591
76	288
76	901
76	943
414	151
76	18
76	781
76	1004
76	37
130	1067
856	1179
783	559
856	467
856	841
76	31
400	1023
76	929
130	1109
426	355
966	615
44	812
779	506
76	758
76	68
1062	13
76	361
1026	1016
1155	687
856	249
779	766
426	670
856	23
856	443
856	761
856	473
1026	127
638	326
856	644
856	983
1026	3
76	328
426	689
856	158
347	606
856	57
75	956
76	135
76	693
637	179
779	1174
416	985
747	359
75	507
856	229
856	160
856	376
856	116
637	717
372	444
76	836
856	964
856	597
856	295
720	442
426	805
493	1056
856	1129
426	88
966	334
856	543
253	1177
76	1012
172	1150
75	543
76	754
76	484
1062	957
856	1054
747	32
856	733
856	545
426	1001
76	975
426	145
76	250
856	668
359	160
76	482
130	829
76	61
18	1175
426	1099
344	831
856	452
1155	1093
1041	183
1026	909
856	1081
779	249
1026	106
856	995
856	278
75	986
1002	833
426	446
76	14
76	952
856	422
76	1143
76	5
76	904
856	702
426	36
1143	337
856	386
1164	874
779	771
75	658
966	332
426	1110
779	893
966	1083
75	186
204	699
856	268
754	1013
76	977
889	1021
208	1098
1106	1169
76	890
1026	78
76	899
856	767
856	98
82	902
76	1061
76	211
76	389
966	456
966	805
856	3
966	1061
263	989
76	774
76	639
856	157
856	898
426	4
966	1017
856	1085
856	363
500	910
130	789
747	932
167	992
1026	1055
856	531
966	397
954	1075
966	1156
999	970
966	505
76	372
856	338
637	993
966	1159
76	1165
856	119
779	325
470	1091
908	1139
754	374
856	810
966	869
493	240
856	620
426	483
856	483
76	337
130	1121
1155	103
830	290
76	1151
75	333
76	367
416	820
76	883
76	1178
856	27
1	417
564	446
372	972
856	749
567	858
359	474
75	71
76	676
954	626
637	461
856	586
76	881
76	1066
856	203
1026	943
76	882
75	1049
76	1075
716	144
76	614
564	667
856	8
856	277
856	360
1173	485
76	1128
856	509
76	583
638	590
76	1033
838	408
76	289
76	770
830	942
60	661
856	743
856	367
856	22
75	287
44	753
1155	1091
75	272
637	306
75	296
603	343
1137	468
856	646
76	531
1062	985
1026	108
856	612
76	188
76	695
966	266
747	888
1035	306
204	334
76	668
75	654
171	931
76	853
76	802
76	801
1106	432
1131	118
710	302
76	113
1136	210
856	153
707	946
856	986
436	1152
856	206
966	1041
190	619
856	520
856	5
638	261
856	938
966	1057
1155	417
638	489
856	967
589	392
416	70
856	952
637	1096
76	581
856	69
726	439
966	193
856	11
856	1052
856	934
75	846
638	1123
76	24
76	400
204	1033
253	201
76	638
856	519
426	891
459	36
373	1181
779	381
1062	146
856	131
1026	361
82	563
856	241
856	1153
856	827
856	705
779	469
251	914
908	1082
76	1083
75	87
426	615
811	476
458	853
216	254
426	734
426	640
1062	648
1055	858
966	544
638	294
285	608
1046	1126
856	408
856	1140
856	783
76	633
638	257
177	160
856	263
76	378
75	744
76	229
638	405
75	7
76	10
564	452
76	72
856	61
75	1015
76	431
76	132
76	6
76	278
856	272
856	270
856	812
426	62
638	1143
1155	471
208	104
856	213
856	1147
637	412
130	718
638	828
76	241
204	160
426	6
75	180
856	326
856	862
856	444
747	520
856	738
966	760
966	49
856	882
76	535
856	755
426	629
76	523
754	716
76	576
372	331
637	460
601	962
856	748
76	143
856	1079
856	65
75	256
76	579
638	978
668	476
416	1157
1062	857
856	608
75	1181
856	179
76	667
707	317
75	245
856	184
208	73
394	624
856	1065
856	449
779	497
1174	1140
856	399
856	486
1062	6
76	834
856	949
75	108
966	798
856	512
856	353
76	153
76	295
253	435
76	713
856	495
856	235
637	801
60	627
637	465
856	1128
44	1158
75	519
856	53
426	544
76	711
24	57
426	922
856	313
76	821
411	712
177	688
637	970
966	539
856	238
856	231
981	408
856	961
856	757
75	711
966	515
966	114
76	763
856	593
394	1120
856	580
76	1009
966	1139
208	911
856	128
856	423
75	369
856	1155
856	911
426	897
966	170
76	643
747	1145
856	999
637	1152
76	1035
75	275
856	1073
856	7
856	406
76	347
76	193
75	682
75	852
493	1135
76	480
637	352
76	1138
754	428
372	352
1155	477
44	420
856	1180
856	267
966	50
779	365
76	616
76	1018
856	541
204	921
966	941
75	209
426	310
856	739
638	1088
564	364
856	756
1106	47
856	469
76	956
856	1025
76	176
372	343
856	385
950	948
966	366
1026	248
564	34
426	96
416	149
1041	689
856	690
76	12
1062	667
856	640
856	289
707	151
564	853
426	499
76	785
966	987
1026	275
394	362
76	550
1062	1060
1062	458
75	337
908	688
204	1008
856	900
76	880
966	358
856	943
82	1090
76	405
856	693
76	432
856	971
754	122
401	69
720	173
856	15
779	883
426	498
856	194
856	190
75	896
783	462
44	828
856	156
76	336
856	996
856	340
76	373
76	353
991	490
856	562
1026	986
856	494
856	842
76	767
856	897
856	480
76	661
856	1168
75	925
121	698
856	246
76	831
779	229
638	218
856	434
856	717
856	205
747	69
76	708
856	144
856	341
372	952
426	1180
76	716
426	55
24	162
1026	68
253	176
426	602
1062	159
856	169
856	323
638	373
1026	298
76	844
426	513
459	413
426	457
76	931
564	85
75	504
638	347
790	431
856	987
856	25
130	14
785	1180
416	555
856	420
426	204
966	292
856	424
856	191
230	122
638	989
140	20
564	847
76	634
75	1104
204	38
856	654
856	66
76	168
830	832
76	946
856	915
44	200
76	162
856	816
76	1124
204	1145
856	714
76	689
856	337
779	844
76	1173
140	623
230	1067
966	389
966	314
779	137
856	1084
966	891
204	359
76	811
426	29
76	122
856	138
76	137
76	775
856	633
637	961
856	176
426	1033
466	813
622	439
75	295
76	469
856	819
579	842
373	567
856	307
24	1015
253	951
76	893
856	1096
779	826
856	927
76	940
426	375
94	1165
76	157
779	947
856	283
779	730
76	1169
856	430
76	489
1026	194
638	1084
75	135
285	1101
856	990
966	277
966	1094
779	1141
1026	1166
121	26
856	946
204	1139
204	318
747	314
966	1160
908	160
856	274
307	1068
856	514
445	154
856	884
76	89
76	863
76	307
637	12
856	530
414	312
733	58
1062	967
459	211
856	145
76	734
76	280
720	1118
697	1091
856	905
363	1084
856	292
75	810
856	1120
856	173
856	60
856	412
466	1152
1026	262
363	61
637	478
856	790
747	49
426	585
76	370
856	892
1155	152
720	133
75	841
44	1015
130	1034
966	767
76	256
426	273
76	941
104	423
856	9
426	18
856	896
1035	642
426	1139
76	681
856	744
172	895
76	1141
1062	1134
779	806
426	79
426	440
1062	631
75	1120
76	820
1026	812
747	370
856	876
966	793
779	608
564	706
426	366
564	427
76	292
1063	1141
426	1057
1033	905
76	163
372	535
856	594
856	346
595	258
856	50
426	34
1026	113
856	1086
1062	585
966	842
76	556
75	690
75	1074
75	708
76	387
394	516
75	1053
856	1082
856	416
856	883
44	1088
76	1037
707	2
754	939
856	695
426	199
372	603
638	1154
917	731
856	683
1026	337
76	200
856	109
76	992
76	803
75	512
856	994
747	318
856	1002
18	967
75	511
1062	88
76	818
856	750
253	988
779	437
856	308
1062	1099
76	1064
856	1142
637	1106
75	795
426	960
856	1070
76	867
76	244
720	697
917	88
44	846
1026	1173
426	1157
856	34
856	719
856	500
1155	391
426	358
747	401
856	974
966	1082
140	70
856	624
856	361
76	428
856	407
856	1001
75	913
856	489
856	77
856	126
76	717
946	635
204	798
76	220
1062	491
76	344
856	636
130	1064
60	935
856	1102
1106	961
638	341
908	454
76	777
76	382
75	1084
779	151
856	488
999	1096
76	503
856	471
459	345
76	385
24	113
856	976
60	841
60	573
638	221
75	591
76	746
638	200
856	799
856	20
75	361
856	1166
426	616
76	225
856	947
564	1176
981	578
76	654
426	1133
638	262
856	711
856	972
44	1168
1026	1147
856	1020
856	809
856	982
76	142
638	93
966	453
76	488
1155	1
747	547
1062	303
75	646
130	698
856	72
1062	731
76	828
76	414
856	401
856	297
76	63
856	364
882	370
856	847
856	831
707	83
966	520
426	1027
856	35
856	1181
76	970
75	782
856	694
856	1110
416	667
75	1044
638	929
383	1128
76	719
856	864
426	401
856	992
825	1092
75	25
426	170
856	1149
140	88
470	133
564	142
76	596
747	524
1026	123
783	112
76	554
76	497
1026	617
76	420
834	176
1026	1084
76	1112
76	559
204	330
76	448
747	882
1062	1176
75	542
856	103
76	474
75	741
44	275
747	762
426	142
741	361
625	572
564	259
204	915
856	470
76	313
76	401
856	830
60	907
856	568
1026	484
426	699
747	969
779	788
856	893
76	305
75	1114
426	427
1164	701
856	154
204	69
130	540
856	937
747	358
747	454
747	322
779	181
867	313
779	761
76	166
856	701
44	367
856	479
1041	1073
76	1008
1055	943
75	532
1102	596
311	1178
204	401
966	888
75	892
856	164
76	739
76	1177
638	713
1026	327
856	944
856	316
76	662
638	31
856	606
856	82
637	234
75	1107
76	427
426	1122
76	341
637	898
426	853
426	153
856	88
130	37
856	1049
76	147
342	927
1026	270
76	109
44	729
165	8
416	6
75	1081
414	944
856	1051
76	953
76	712
856	1050
426	688
856	439
856	1075
363	369
76	859
856	691
426	565
856	1008
856	807
856	772
76	635
747	433
779	552
204	397
76	618
426	1008
856	940
24	812
638	288
779	63
76	58
44	405
416	145
638	1004
856	147
856	63
966	689
856	345
426	894
76	110
966	401
856	1024
276	198
966	758
76	619
856	516
779	376
130	354
75	255
966	1180
75	302
76	817
856	907
856	1000
638	490
856	929
856	788
167	289
76	333
981	491
856	1011
76	983
75	1043
411	1104
856	239
856	233
1155	155
856	390
426	704
76	144
856	773
76	388
856	585
204	433
1155	1059
856	835
76	41
856	125
426	1160
856	779
24	846
1106	1111
856	89
856	600
426	731
856	149
856	709
856	642
856	343
75	279
856	425
76	214
966	547
513	49
856	397
76	978
966	141
856	670
76	910
856	455
779	928
779	1002
251	612
856	877
76	1046
747	1139
76	587
638	1029
966	33
76	1134
120	593
76	534
426	746
230	354
779	1018
76	312
720	1059
747	1167
856	296
1062	158
954	196
394	504
76	666
76	64
856	868
1026	221
856	1143
363	646
754	829
865	472
856	532
564	820
75	862
76	413
856	68
204	340
856	921
76	262
1024	883
856	635
359	457
76	519
344	639
982	1049
76	377
1026	753
76	642
856	910
131	933
76	476
1026	93
75	68
790	306
75	195
564	406
426	40
856	499
638	162
637	972
426	1070
747	114
1155	1011
426	334
445	837
344	447
856	378
1062	124
76	216
76	369
76	577
426	353
76	131
230	374
76	1153
130	26
856	822
76	972
148	924
416	536
721	245
856	823
253	954
75	867
76	1166
204	403
426	359
204	33
76	567
76	325
1117	844
76	1072
44	113
856	785
856	492
76	1017
966	340
1062	228
637	378
1026	268
856	472
1121	939
44	162
867	390
130	671
76	631
716	37
1026	147
856	1112
76	362
372	902
856	97
856	365
856	832
426	745
856	1123
1062	382
76	1102
426	20
856	334
1080	308
140	499
637	214
344	547
76	1006
76	331
171	928
856	1134
856	375
949	112
76	507
637	930
856	768
856	979
76	989
856	377
1062	645
856	1044
426	967
779	8
426	645
1026	1029
779	833
856	954
76	865
1033	915
416	88
856	951
76	182
638	781
966	747
856	826
416	1001
1026	261
76	753
204	1047
137	381
856	255
856	498
856	1178
543	294
76	1031
856	354
1130	810
75	496
276	810
856	559
76	700
60	865
856	78
1062	499
856	468
1063	475
638	192
307	508
882	1012
856	506
856	393
856	998
197	463
856	185
779	479
76	791
76	186
60	219
76	424
75	484
414	497
744	871
856	1069
856	262
856	546
856	942
954	988
76	485
721	1119
426	50
426	397
564	88
76	13
426	223
856	284
856	1035
76	419
75	59
856	1116
60	658
76	180
856	2
76	123
401	762
76	184
1062	153
76	874
76	94
426	1145
426	665
966	67
638	17
856	569
1026	200
564	119
76	410
364	153
76	1154
856	909
856	349
906	305
966	403
856	237
637	742
60	1112
856	675
76	3
856	872
75	587
856	955
1026	1168
426	33
856	762
76	4
1026	35
856	1145
75	661
779	715
856	660
204	932
426	406
75	261
76	496
466	431
1035	386
416	616
856	781
637	859
637	1116
426	458
779	414
856	549
230	829
75	308
76	842
856	1174
856	286
856	12
564	149
130	30
75	849
856	135
966	1033
625	1077
856	720
75	270
856	197
372	525
856	211
253	247
426	318
76	1158
720	154
779	379
1026	227
1026	476
76	1073
416	124
747	501
75	945
856	114
856	1032
1062	36
709	644
121	236
82	1116
76	472
856	1058
856	801
1062	364
856	765
63	893
638	186
75	871
76	358
44	1123
637	1162
856	619
856	551
426	693
856	266
793	366
75	710
856	1154
76	260
966	872
1164	296
76	107
856	658
856	985
856	261
76	740
856	735
76	302
60	708
76	562
638	729
638	275
75	163
76	1096
426	648
1026	1015
75	110
75	267
856	802
76	1069
747	798
75	614
1026	321
76	807
754	354
638	66
24	1168
856	1004
416	623
856	196
1062	860
856	957
426	345
426	739
856	120
253	575
76	945
856	731
75	695
75	1123
75	123
76	939
171	98
822	237
856	477
76	878
76	93
834	988
856	1126
747	389
856	565
76	1127
1026	656
140	860
856	396
76	343
426	1028
625	870
637	424
76	508
638	1168
856	829
779	1142
898	970
76	1116
1026	532
76	610
426	610
856	123
856	1119
856	958
716	1013
882	1160
76	798
76	495
75	574
1026	287
76	543
204	1028
856	930
76	809
76	1015
966	183
75	1112
637	904
856	1160
76	613
76	526
999	618
76	704
75	227
60	956
75	748
416	731
76	1181
856	83
426	447
610	353
76	988
76	800
130	278
75	482
75	567
1026	373
364	897
130	1103
204	520
741	892
76	440
856	875
856	511
76	1023
76	272
882	297
75	1164
747	1082
1063	202
747	872
856	36
564	55
1164	107
856	902
75	537
898	1096
1026	186
1026	326
966	851
76	91
638	846
856	209
204	891
779	560
949	282
966	297
637	990
76	780
76	857
75	824
426	382
720	155
966	45
76	128
638	61
1102	663
426	831
416	20
856	319
747	483
1155	866
607	205
416	906
1102	236
856	1104
1026	490
856	55
76	542
76	233
76	957
76	932
856	1109
570	1025
76	227
856	665
1062	610
966	831
1026	567
856	703
564	555
394	852
856	269
779	312
856	664
856	787
75	656
856	107
1169	801
856	563
1026	651
638	44
75	1119
856	350
76	927
638	986
856	253
394	682
130	643
44	936
966	640
856	155
448	1154
856	700
834	994
1062	897
76	69
667	6
637	500
82	418
416	142
856	904
856	814
856	180
426	798
856	291
1026	871
638	943
426	667
76	346
204	1180
856	142
76	1056
1169	961
416	36
856	1048
76	47
856	37
966	199
75	605
1026	668
637	431
856	1141
76	129
856	418
747	921
76	294
856	920
856	64
856	134
76	145
564	1157
426	1082
707	635
76	354
747	474
76	462
856	1067
76	826
856	38
856	1016
197	384
747	38
754	37
76	725
867	1127
76	304
426	997
140	917
856	162
75	323
638	802
24	200
75	60
76	1101
75	680
638	1007
856	1135
856	132
856	852
75	812
966	27
856	48
76	1148
638	683
443	1107
172	441
76	835
75	807
75	357
416	610
1121	1064
466	436
426	820
637	563
459	610
459	585
76	450
856	1015
966	65
75	1004
76	35
638	1053
75	113
76	475
856	358
76	60
75	489
621	136
1062	906
856	258
130	663
76	748
1031	1153
426	762
747	604
856	1099
981	158
60	180
966	995
76	198
1026	923
60	333
414	317
1063	46
856	1101
856	329
76	338
76	486
60	472
76	813
856	13
426	649
966	204
856	10
76	861
513	1094
856	821
637	161
856	833
1062	55
856	547
1026	336
856	834
426	403
75	935
1155	154
372	784
638	287
1164	377
747	515
865	573
856	1091
856	298
76	824
856	322
856	496
121	14
720	1093
76	769
76	909
747	615
426	438
76	206
253	196
856	925
426	380
426	932
856	90
1062	408
538	122
1013	144
856	854
856	1130
1026	24
1026	775
76	1013
76	202
76	78
1062	273
966	318
856	389
710	504
75	936
747	1047
75	463
856	288
76	762
363	588
44	863
1026	736
44	1084
76	765
76	70
76	77
966	1110
1131	174
981	838
638	270
856	588
856	570
130	307
564	480
856	627
747	11
394	323
76	663
76	368
1026	863
76	915
856	863
140	1099
1026	485
76	267
1062	119
76	218
856	200
754	1067
856	302
982	346
856	124
426	921
908	501
416	345
856	414
856	1037
44	807
856	112
76	239
966	922
278	912
856	577
954	1177
60	1081
75	373
856	786
856	794
856	991
856	59
416	153
856	602
1026	713
76	650
76	1140
76	605
950	1163
426	666
75	377
76	858
1155	697
856	518
426	1012
75	107
707	486
743	632
882	798
1026	192
76	692
747	292
747	941
1062	1157
856	446
856	309
638	863
908	677
856	1018
426	193
76	234
204	544
76	987
783	120
76	1054
856	504
856	402
76	997
76	178
564	957
75	268
75	66
856	218
426	915
140	820
637	955
1026	858
610	345
43	524
999	898
426	555
856	28
426	389
779	800
856	924
76	974
747	1012
76	1089
75	262
856	766
426	23
856	989
783	864
637	343
865	516
75	248
140	731
557	979
1102	528
1026	662
76	737
426	905
856	1039
394	907
1062	602
1121	540
754	538
856	727
856	81
75	473
148	1092
1169	12
638	936
1164	346
856	1165
167	53
856	458
426	277
882	941
75	865
856	41
856	74
1002	157
75	257
754	144
75	556
856	177
76	219
856	111
564	20
1026	162
44	24
167	242
954	176
1015	420
278	698
856	778
856	1107
138	659
76	515
747	297
76	342
76	965
204	882
856	941
856	959
263	218
720	866
208	533
204	297
76	1014
856	859
1026	59
856	922
1026	600
637	335
426	114
75	24
856	956
856	104
76	934
856	178
638	744
76	986
76	80
76	701
394	1112
76	151
1136	553
610	142
82	1179
856	771
856	1106
564	353
856	102
856	232
82	467
426	963
856	932
856	394
76	819
856	629
426	857
856	681
76	677
130	528
856	687
856	1030
747	640
856	659
253	134
747	95
779	83
856	404
638	775
394	675
856	222
564	897
76	816
1062	853
856	217
761	715
779	475
625	818
130	927
856	1064
856	223
44	482
76	422
856	1053
18	1122
747	183
75	1088
856	652
76	112
856	887
856	415
779	16
76	423
76	451
1121	428
856	628
856	792
426	303
856	894
1026	1181
856	357
75	778
76	1022
426	480
76	179
856	1164
856	170
375	984
76	1104
76	529
1026	463
966	11
1026	1138
60	362
76	1126
24	420
1026	916
856	729
416	860
564	413
60	852
966	524
856	740
76	690
1121	1172
278	236
856	475
75	1050
76	1175
856	891
564	1069
76	886
982	821
76	1034
76	860
638	363
1164	495
373	858
783	1105
811	367
856	605
359	1139
856	552
856	140
856	567
856	1047
1062	746
426	1069
856	592
856	630
564	36
76	1007
426	767
76	197
856	912
856	679
966	223
394	302
1026	101
76	787
654	1016
856	151
856	745
76	778
856	970
856	91
638	24
75	1016
966	992
76	673
856	437
741	871
856	187
76	707
564	345
76	296
856	359
966	997
856	1157
76	127
1026	464
638	662
76	980
426	501
856	667
856	795
130	236
856	80
856	981
1026	846
856	1127
856	1171
75	394
638	482
856	616
344	903
75	634
747	1094
76	111
76	324
75	294
1062	623
75	606
76	540
75	346
741	1143
856	161
76	958
856	368
779	777
856	73
76	736
426	1159
76	918
637	618
76	1055
582	680
856	442
856	71
76	841
140	407
856	916
856	1028
76	366
204	941
426	207
856	339
1062	704
76	284
783	593
856	1158
177	457
426	633
856	609
637	432
76	1121
966	915
638	892
76	436
621	680
966	330
856	715
426	888
75	940
75	125
1155	1085
747	403
856	707
75	659
426	433
908	760
76	160
856	960
856	306
856	460
856	16
856	853
966	433
76	585
564	375
394	219
856	1017
76	604
75	490
1106	179
856	39
856	726
811	25
856	293
1164	255
253	626
856	1163
76	538
76	591
638	420
416	585
363	248
121	1089
76	48
76	125
76	364
856	447
966	454
856	1040
856	152
856	290
1062	569
1026	1107
856	320
741	485
76	1100
856	945
856	800
230	538
1031	431
75	74
75	923
908	358
856	926
121	1103
856	1093
1026	659
856	1043
75	588
779	1140
75	57
76	511
276	1130
75	858
564	610
856	371
856	610
638	588
865	219
856	481
1170	786
150	1148
720	86
856	724
564	578
867	695
75	799
44	662
856	674
76	993
856	24
1026	74
344	767
856	21
856	391
856	522
856	175
564	565
856	259
75	231
76	624
426	760
76	319
638	295
856	1103
76	1010
856	58
426	706
76	594
1062	111
856	741
75	735
75	162
747	1041
856	824
638	926
76	926
76	916
856	1100
253	848
75	835
204	785
76	54
76	167
966	62
76	552
426	882
856	623
856	271
76	468
856	417
856	463
426	474
747	995
394	546
426	520
130	91
426	370
426	1094
377	267
601	252
856	656
1062	894
372	618
917	1099
564	499
1062	102
1121	1072
966	1095
747	758
76	114
856	886
1121	37
76	967
637	1035
76	892
856	696
747	1008
75	675
235	40
75	863
76	158
204	689
856	1031
75	624
637	1111
426	459
60	507
966	242
966	79
414	63
253	850
263	106
856	428
856	243
1155	28
426	109
76	979
44	868
856	210
426	455
426	851
76	658
416	917
856	279
75	701
42	840
75	363
867	272
966	1027
253	834
637	910
76	149
856	529
76	108
856	1088
76	8
147	863
107	5
426	957
610	585
130	939
966	963
779	250
747	963
856	858
856	878
1	1085
638	1158
416	413
60	940
172	568
966	655
779	349
856	523
856	287
44	147
1062	142
1155	187
637	558
638	736
1026	781
167	693
75	828
76	255
76	694
75	239
1026	308
426	536
865	180
401	798
638	812
856	1118
856	317
253	958
76	297
856	433
363	926
1155	133
76	322
426	452
76	698
414	396
856	579
76	949
638	244
76	936
966	762
76	750
856	839
75	929
856	432
856	362
779	317
493	196
76	733
448	1053
426	1175
204	762
76	919
76	1001
76	271
966	322
856	482
1026	100
908	399
76	433
856	245
779	165
856	448
426	1017
204	62
1026	974
856	555
76	248
1062	578
76	279
856	1162
1062	1115
76	1005
966	905
638	868
1026	684
76	683
856	973
1026	828
76	1067
426	10
856	716
966	380
856	1169
76	226
94	354
130	1172
734	440
747	27
966	934
966	95
754	526
76	231
856	1105
172	738
1026	1053
75	219
76	759
204	688
1026	1143
76	1120
856	491
76	30
856	723
856	866
76	509
76	26
856	598
76	897
747	1160
394	661
856	318
213	329
158	491
564	704
856	528
1062	706
747	380
253	1075
621	502
44	580
76	729
426	69
12	961
76	1084
856	163
856	746
856	139
856	873
76	566
1026	369
76	742
856	677
76	11
856	682
856	851
76	588
856	92
344	440
172	678
610	413
856	273
966	501
204	640
856	1038
76	52
76	217
76	53
1026	138
856	661
426	297
130	538
76	1123
665	199
1015	162
1169	179
204	677
966	160
76	196
720	477
741	1044
76	407
426	330
76	864
75	420
75	1071
76	761
426	655
638	694
856	710
76	490
75	472
76	242
856	1175
411	660
172	73
75	920
76	199
856	1078
76	352
908	457
76	1030
76	1068
856	380
76	528
76	1146
966	447
76	16
76	560
1026	807
856	453
75	1048
75	573
76	944
76	301
76	275
856	507
75	89
779	97
638	367
76	885
1026	823
76	466
1063	381
856	1074
208	1021
1136	41
1026	751
638	476
638	634
487	663
948	1163
856	204
856	647
76	848
1026	288
638	974
1106	424
856	435
1164	835
856	685
856	764
856	305
76	418
76	1106
721	591
75	178
76	520
856	815
76	660
856	6
1026	646
76	261
779	425
426	959
76	105
1026	683
856	708
856	806
856	935
856	1111
75	1143
76	130
638	807
747	1110
779	1101
76	282
856	596
76	1029
1062	917
966	969
75	271
426	364
966	1008
856	281
856	575
44	606
856	777
638	227
75	989
638	858
75	319
1062	597
75	341
638	567
638	799
75	887
426	872
76	357
204	987
856	913
856	99
172	548
856	344
76	641
856	965
76	406
856	838
722	54
344	10
856	587
856	115
76	421
339	739
856	373
76	1076
856	280
908	891
713	807
638	1015
999	280
856	699
856	230
638	337
76	44
856	370
394	778
32	332
856	1061
834	958
75	609
882	69
856	347
954	834
652	313
76	879
75	41
716	428
856	457
76	317
76	384
76	744
856	581
76	134
856	584
747	160
76	85
856	1
172	803
856	820
394	841
856	369
856	1144
75	90
76	913
856	923
75	243
426	211
1062	353
204	1110
564	746
76	221
426	454
966	474
60	323
76	1087
416	407
856	626
76	457
75	100
75	768
1063	137
76	398
76	257
856	342
172	911
734	1047
76	960
344	11
1	1011
856	1033
856	583
76	463
856	903
564	458
1026	1004
856	1014
856	382
856	1114
1106	801
637	759
856	1013
856	195
75	582
426	49
1026	482
1174	928
917	499
75	516
130	912
1102	912
76	1088
856	484
1121	718
856	632
253	1171
779	875
416	1099
779	396
76	784
426	413
75	1158
856	869
779	877
1102	278
76	905
1062	981
76	1025
75	1007
189	418
263	744
966	207
637	535
966	1039
1026	231
75	485
76	609
76	270
1026	286
564	745
1062	984
76	1081
75	21
966	1020
856	485
76	656
76	258
76	25
75	313
856	867
344	787
856	192
856	431
76	1119
856	181
747	987
76	994
856	325
76	458
856	651
856	657
75	390
253	240
773	806
76	449
1026	1088
76	481
76	374
856	537
741	634
75	627
1164	468
856	87
752	430
856	497
856	505
76	574
76	789
856	870
856	381
747	277
779	274
76	902
76	829
707	944
856	352
60	516
76	1047
76	1043
76	561
856	906
856	804
966	265
75	874
76	1161
1121	374
856	1173
44	1007
